,0
0,thick
1,beyond
2,six
3,hereafter
4,both
5,her
6,am
7,forty
8,very
9,its
10,above
11,ours
12,who
13,someone
14,might
15,whenever
16,per
17,un
18,may
19,cannot
20,formerly
21,before
22,up
23,of
24,amongst
25,couldnt
26,more
27,four
28,it
29,thereupon
30,there
31,again
32,him
33,beside
34,they
35,less
36,us
37,hasnt
38,in
39,while
40,one
41,seeming
42,had
43,several
44,thereafter
45,since
46,ten
47,for
48,too
49,been
50,de
51,etc
52,herself
53,wherein
54,herein
55,during
56,such
57,noone
58,yours
59,serious
60,whether
61,enough
62,whoever
63,cant
64,must
65,eg
66,otherwise
67,itself
68,get
69,them
70,why
71,few
72,nobody
73,rather
74,between
75,ourselves
76,fill
77,below
78,are
79,indeed
80,mine
81,still
82,perhaps
83,thence
84,most
85,others
86,no
87,go
88,then
89,inc
90,have
91,hers
92,twenty
93,this
94,full
95,me
96,either
97,side
98,onto
99,five
100,latterly
101,con
102,except
103,can
104,off
105,against
106,any
107,through
108,everything
109,give
110,mostly
111,his
112,many
113,where
114,please
115,whatever
116,yet
117,an
118,sincere
119,along
120,became
121,everywhere
122,is
123,into
124,eight
125,co
126,he
127,without
128,thus
129,latter
130,if
131,due
132,put
133,our
134,anyway
135,even
136,fifty
137,three
138,see
139,interest
140,nor
141,although
142,anyhow
143,other
144,sixty
145,himself
146,which
147,whereby
148,none
149,my
150,become
151,elsewhere
152,wherever
153,first
154,about
155,over
156,bottom
157,ltd
158,ever
159,your
160,fire
161,amount
162,how
163,bill
164,ie
165,here
166,least
167,with
168,never
169,part
170,should
171,or
172,do
173,whereafter
174,being
175,out
176,on
177,much
178,whence
179,show
180,towards
181,done
182,describe
183,would
184,not
185,somewhere
186,re
187,front
188,to
189,everyone
190,i
191,via
192,therefore
193,because
194,every
195,nowhere
196,myself
197,move
198,be
199,anyone
200,whose
201,already
202,each
203,seemed
204,found
205,from
206,was
207,we
208,top
209,hereby
210,as
211,almost
212,until
213,upon
214,former
215,behind
216,nine
217,somehow
218,thru
219,when
220,becoming
221,else
222,seems
223,nevertheless
224,besides
225,and
226,therein
227,also
228,neither
229,becomes
230,than
231,back
232,amoungst
233,hence
234,anywhere
235,whither
236,hereupon
237,last
238,now
239,sometime
240,further
241,once
242,at
243,whereupon
244,some
245,she
246,two
247,mill
248,could
249,throughout
250,those
251,whole
252,whereas
253,will
254,name
255,hundred
256,beforehand
257,thin
258,twelve
259,fifteen
260,within
261,that
262,you
263,own
264,take
265,however
266,next
267,find
268,often
269,made
270,empty
271,sometimes
272,moreover
273,the
274,these
275,alone
276,by
277,eleven
278,something
279,together
280,keep
281,were
282,nothing
283,after
284,has
285,detail
286,though
287,seem
288,their
289,yourselves
290,another
291,among
292,so
293,well
294,yourself
295,a
296,across
297,always
298,thereby
299,under
300,themselves
301,anything
302,all
303,third
304,toward
305,system
306,whom
307,down
308,meanwhile
309,cry
310,same
311,what
312,namely
313,but
314,around
315,call
316,only
317,afterwards
318,fantasy
319,scifi
320,sci
321,fi
322,like
323,just
324,good
325,really
326,think
327,don
328,time
329,people
330,com
331,series
332,https
333,gt
334,book
335,ve
336,great
337,story
338,www
339,read
340,way
341,know
342,books
343,character
344,got
345,lot
346,didn
347,make
348,going
349,pretty
350,love
351,say
352,actually
353,reddit
354,ll
355,things
356,did
357,better
358,years
359,world
360,thing
361,want
362,characters
363,sure
364,new
365,right
366,doesn
367,best
368,end
369,point
370,does
371,different
372,maybe
